Date,Open,High,Low,Close,Adj Close,Volume
,,,,,,
,,,,,,
,,,,,,
,,,,,,
,,,,,,
,,,,,,
,,,,,,
,,,,,,
,,,,,,
,,,,,,
,,,,,,
,,,,,,
,,,,,,
,,,,,,
,,,,,,
,,,,,,
,,,,,,
,,,,,,
,,,,,,
,,,,,,
,,,,,,
,,,,,,
,,,,,,
,,,,,,
,,,,,,
,,,,,,
,,,,,,
,,,,,,
,,,,,,
,,,,,,
,,,,,,
,,,,,,
,,,,,,
,,,,,,
,,,,,,
,,,,,,
,,,,,,
,,,,,,
,,,,,,
,,,,,,
,,,,,,
,,,,,,
,,,,,,
,,,,,,
,,,,,,
,,,,,,
,,,,,,
,,,,,,
,,,,,,
,,,,,,
,,,,,,
,,,,,,
,,,,,,
,,,,,,
,,,,,,
,,,,,,
,,,,,,
,,,,,,
,,,,,,
,,,,,,
,,,,,,
,,,,,,
,,,,,,
,,,,,,
,,,,,,
,,,,,,
,,,,,,
,,,,,,
,,,,,,
,,,,,,
,,,,,,
,,,,,,
,,,,,,
,,,,,,
,,,,,,
,,,,,,
,,,,,,
,,,,,,
,,,,,,
,,,,,,
,,,,,,
,,,,,,
,,,,,,
,,,,,,
,,,,,,
,,,,,,
,,,,,,
,,,,,,
,,,,,,
,,,,,,
,,,,,,
,,,,,,
,,,,,,
,,,,,,
,,,,,,
,,,,,,
,,,,,,
,,,,,,
,,,,,,
,,,,,,
,,,,,,
,,,,,,
,,,,,,
,,,,,,
,,,,,,
,,,,,,
,,,,,,
,,,,,,
,,,,,,
,,,,,,
,,,,,,
,,,,,,
,,,,,,
,,,,,,
,,,,,,
,,,,,,
,,,,,,
,,,,,,
,,,,,,
,,,,,,
,,,,,,
,,,,,,
,,,,,,
,,,,,,
,,,,,,
,,,,,,
,,,,,,
,,,,,,
,,,,,,
,,,,,,
,,,,,,
,,,,,,
,,,,,,
,,,,,,
,,,,,,
,,,,,,
,,,,,,
,,,,,,
,,,,,,
,,,,,,
,,,,,,
,,,,,,
,,,,,,
,,,,,,
,,,,,,
,,,,,,
,,,,,,
,,,,,,
,,,,,,
,,,,,,
,,,,,,
,,,,,,
,,,,,,
,,,,,,
,,,,,,
,,,,,,
,,,,,,
,,,,,,
,,,,,,
,,,,,,
,,,,,,
,,,,,,
,,,,,,
,,,,,,
,,,,,,
,,,,,,
,,,,,,
,,,,,,
,,,,,,
,,,,,,
,,,,,,
,,,,,,
,,,,,,
,,,,,,
,,,,,,
,,,,,,
,,,,,,
,,,,,,
,,,,,,
,,,,,,
,,,,,,
,,,,,,
,,,,,,
,,,,,,
,,,,,,
,,,,,,
,,,,,,
,,,,,,
,,,,,,
,,,,,,
,,,,,,
,,,,,,
,,,,,,
,,,,,,
,,,,,,
2/15/2013,66.978569,67.165718,65.702858,460.160004,65.737144,97936300
2/19/2013,65.871429,66.104286,64.835716,459.990021,65.71286,108945900
2/20/2013,65.384285,65.384285,64.114288,448.850006,64.121429,119075600
2/21/2013,63.714287,64.167145,63.259998,446.059998,63.722858,111795600
2/22/2013,64.178574,64.514282,63.799999,450.809998,64.401428,82663700
2/25/2013,64.835716,65.017143,63.224285,442.799988,63.257141,93144800
2/26/2013,63.402859,64.505714,62.522858,448.970001,64.138573,125374900
2/27/2013,64.061432,64.634285,62.950001,444.569977,63.509998,146837600
2/28/2013,63.435715,63.98143,63.057144,441.400024,63.057144,80628800
3/1/2013,62.57143,62.597141,61.425713,430.470001,61.495716,138112100
3/4/2013,61.114285,61.171429,59.857143,420.049988,60.007141,145688900
3/5/2013,60.21143,62.169998,60.107143,431.139984,61.591427,159608400
3/6/2013,62.072857,62.17857,60.632858,425.660004,60.808571,115062500
3/7/2013,60.642857,61.715714,60.151428,430.580017,61.511429,117118400
3/8/2013,61.400002,62.204285,61.23,431.720001,61.674286,97870500
3/11/2013,61.392857,62.715714,60.734287,437.869995,62.552856,118559000
3/12/2013,62.228573,62.697144,61.081429,428.429993,61.204285,116477900
3/13/2013,61.207142,62.07143,60.765713,428.349976,61.192856,101387300
3/14/2013,61.832859,62.091427,61.492859,432.5,61.785713,75968900
3/15/2013,62.561428,63.46143,62.464287,443.660004,63.380001,160990200
3/18/2013,63.064285,65.351425,63.028572,455.720032,65.102859,151549300
3/19/2013,65.64286,65.852859,64.071426,454.48999,64.927139,131693800
3/20/2013,65.345711,65.375717,64.227142,452.079987,64.582855,77165200
3/21/2013,64.317146,65.425713,64.300003,452.72998,64.675713,95813900
3/22/2013,64.940002,66.014282,64.730003,461.910004,65.987144,98776300
3/25/2013,66.384285,67.135712,65.968575,463.580017,66.225716,125283900
3/26/2013,66.491432,66.548569,65.790001,461.140015,65.877144,73573500
3/27/2013,65.208572,65.257141,64.389999,452.079987,64.582855,82809300
3/28/2013,64.260002,64.545715,63.08857,442.660004,63.237144,110709900
4/1/2013,63.128571,63.385715,61.105713,428.910004,61.272858,97433000
4/2/2013,61.085712,62.591427,60.914288,429.790009,61.398571,132379800
4/3/2013,61.624287,62.468571,61.472858,431.98999,61.712856,90804000
4/4/2013,61.965714,62.142857,60.75,427.720001,61.102856,89611900
4/5/2013,60.642857,60.707142,59.954285,423.199982,60.457142,95923800
4/8/2013,60.692856,61.07143,60.355713,426.209991,60.887142,75207300
4/9/2013,60.908573,61.214287,60.392857,426.980011,60.997143,76653500
4/10/2013,61.157143,62.437141,60.85857,435.690002,62.241428,93982000
4/11/2013,61.959999,62.57,61.599998,434.329987,62.047142,82091100
4/12/2013,62.021427,62.021427,61.298573,429.800018,61.400002,59653300
4/15/2013,61,61.127144,59.935715,419.850006,59.978573,79380000
4/16/2013,60.224285,60.944286,60.081429,426.240021,60.89143,76442800
4/17/2013,60.03857,60.085712,56.872856,402.800018,57.542858,236264000
4/18/2013,57.855713,57.970001,55.677143,392.049988,56.007141,166574800
4/19/2013,55.424286,57.085712,55.014286,390.529999,55.790001,152318600
4/22/2013,56.091427,57.457142,55.895714,398.670013,56.952858,107480100
4/23/2013,57.712856,58.34,56.972858,406.130005,58.01857,166059600
4/24/2013,56.220001,59.32143,56.07143,405.459991,57.922855,242412800
4/25/2013,58.747143,59.134285,58.142857,408.380005,58.34,96209400
4/26/2013,58.544285,59.824287,58.32143,417.199982,59.599998,191024400
4/29/2013,60.064285,61.945713,60,430.119995,61.445713,160081600
4/30/2013,62.157143,63.607143,61.724285,442.779999,63.254284,172884600
5/1/2013,63.494286,63.561428,62.055714,439.290009,62.755714,126727300
5/2/2013,63.111427,64.084282,62.947144,445.519989,63.645714,105457100
5/3/2013,64.472855,64.747147,64.164284,449.980011,64.28286,90325200
5/6/2013,65.101425,66.028572,64.901428,460.709991,65.815712,124160400
5/7/2013,66.424286,66.535713,64.814285,458.660004,65.522858,120938300
5/8/2013,65.577141,66.48143,65.115715,463.839996,66.262856,118149500
5/9/2013,65.687141,66.14286,65.082855,456.769958,65.252853,99621900
5/10/2013,65.424286,65.672859,64.354286,452.970001,64.709999,83713000
5/13/2013,64.501427,65.414284,64.5,454.740021,64.96286,79237200
5/14/2013,64.835716,65.028572,63.164288,443.860016,63.408573,111779500
5/15/2013,62.737144,63,60.337143,428.850006,61.264286,185403400
5/16/2013,60.462856,62.549999,59.842857,434.580017,62.082859,150801000
5/17/2013,62.721428,62.869999,61.572857,433.26001,61.894287,106976100
5/20/2013,61.701427,63.685715,61.442856,442.929993,63.275715,112894600
5/21/2013,62.592857,63.639999,62.028572,439.660004,62.808571,114005500
5/22/2013,63.435715,64.050003,62.602856,441.350006,63.049999,110759600
5/23/2013,62.278572,63.737144,62.255714,442.140015,63.162857,88255300
5/24/2013,62.978573,63.665714,62.908573,445.149994,63.592857,69041700
5/28/2013,64.271431,64.444283,62.978573,441.440002,63.062859,96536300
5/29/2013,62.857143,63.92857,62.771427,444.950012,63.564285,82644100
5/30/2013,63.664288,64.928574,63.501427,451.580017,64.511429,88379900
5/31/2013,64.64286,65.300003,64.214287,449.730042,64.247147,96075700
6/3/2013,64.389999,64.622856,63.21143,450.720001,64.388573,93088100
6/4/2013,64.745712,64.918571,63.912857,449.309998,64.187141,73182200
6/5/2013,63.664288,64.388573,63.387142,445.109985,63.587143,72647400
6/6/2013,63.638573,63.857143,62.007141,438.459991,62.637142,104233500
6/7/2013,62.357143,63.32,61.824287,441.809998,63.115715,101133900
6/10/2013,63.532856,64.154289,62.400002,438.889984,62.69857,112538300
6/11/2013,62.248573,63.251427,61.902859,437.600006,62.514286,71528100
6/12/2013,62.785713,63.035713,61.642857,432.190002,61.741428,66306800
6/13/2013,61.785713,62.44857,61.25,435.959991,62.279999,71458100
6/14/2013,62.200001,62.327145,61.214287,430.049988,61.435715,67966500
6/17/2013,61.634285,62.242859,61.48,432,61.714287,64853600
6/18/2013,61.651428,62.128571,61.458572,431.769989,61.681427,48756400
6/19/2013,61.628571,61.665714,60.42857,423,60.42857,77735000
6/20/2013,59.900002,60.854286,59.310001,416.839996,59.548573,89327700
6/21/2013,59.784286,60,58.299999,413.5,59.07143,120279600
6/24/2013,58.200001,58.380001,56.864285,402.540009,57.505714,120186500
6/25/2013,57.957142,58.255714,56.975716,402.630005,57.51857,78540700
6/26/2013,57.700001,57.827145,56.522858,398.070007,56.867142,91931000
6/27/2013,57.035713,57.341427,56.220001,393.779999,56.254284,84311500
6/28/2013,55.908573,57.181427,55.552856,396.529999,56.647144,144629100
7/1/2013,57.527142,58.895714,57.317142,409.220001,58.459999,97763400
7/2/2013,58.565716,60.232857,58.495716,418.48999,59.784286,117466300
7/3/2013,60.122856,60.425713,59.635715,420.799988,60.114285,60232200
7/5/2013,60.055714,60.470001,59.335712,417.419983,59.631428,68506200
7/8/2013,60.015713,60.142857,58.664288,415.050018,59.292858,74534600
7/9/2013,59.085712,60.5,58.625713,422.349976,60.335712,88146100
7/10/2013,59.942856,60.685715,59.75,420.730011,60.104286,70351400
7/11/2013,60.421429,61.17857,60.167141,427.289978,61.041428,81573100
7/12/2013,61.092857,61.398571,60.487144,426.51001,60.93,69890800
7/15/2013,60.715714,61.637142,60.685715,427.440002,61.062859,60479300
7/16/2013,60.931427,61.529999,60.595715,430.199982,61.457142,54134500
7/17/2013,61.385715,61.745716,61.174286,430.309998,61.472858,49747600
7/18/2013,61.91143,62.124287,61.515713,431.76001,61.68,54719700
7/19/2013,61.871429,61.997143,60.621429,424.949982,60.707142,67180400
7/22/2013,61.351429,61.392857,60.781429,426.309998,60.901428,51949100
7/23/2013,60.857143,60.994286,59.815716,418.98999,59.855713,92348900
7/24/2013,62.704285,63.512856,62.18,440.51001,62.93,147984200
7/25/2013,62.957142,63.057144,62.258572,438.5,62.642857,57373400
7/26/2013,62.185715,63.005714,62.048573,440.990021,62.998573,50038100
7/29/2013,62.971428,64.284286,62.885715,447.790009,63.970001,62014400
7/30/2013,64.279999,65.307144,64.175713,453.320007,64.760002,77355600
7/31/2013,64.998573,65.334282,64.204285,452.529968,64.647141,80739400
8/1/2013,65.10714,65.257141,64.751427,456.679993,65.239998,51562700
8/2/2013,65.43,66.121429,65.237144,462.539978,66.077141,68695900
8/5/2013,66.384285,67.238571,66.021431,469.450012,67.064285,79713900
8/6/2013,66.860001,67.412857,66.024284,465.25,66.464287,83714400
8/7/2013,66.257141,66.714287,65.96714,464.97998,66.425713,74714500
8/8/2013,66.265717,66.300003,65.421425,461.01001,65.858574,63944300
8/9/2013,65.519997,65.779999,64.807144,454.449982,64.921425,66716300
8/12/2013,65.265717,66.949997,65.232857,467.360016,66.765717,91108500
8/13/2013,67.277145,70.665718,66.864288,489.569977,69.938568,220485300
8/14/2013,71.125717,72.035713,70.485718,498.5,71.214287,189093100
8/15/2013,70.917145,71.771431,69.868568,497.909973,71.129997,122573500
8/16/2013,71.449997,71.848572,71.265717,502.330017,71.761429,90576500
8/19/2013,72.048569,73.391426,72,507.73999,72.534286,127629600
8/20/2013,72.815712,72.938568,71.545715,501.070007,71.581429,89672100
8/21/2013,71.941429,72.449997,71.599998,502.360016,71.765717,83969900
8/22/2013,72.139999,72.227142,71.171425,502.959961,71.851425,61051900
8/23/2013,71.895714,71.907143,71.335716,501.02002,71.574287,55682900
8/26/2013,71.535713,72.885712,71.5,502.970032,71.852859,82741400
8/27/2013,71.14286,71.78714,69.471428,488.589966,69.798569,106047200
8/28/2013,69.428574,70.828575,69.428574,490.899994,70.128571,76902000
8/29/2013,70.235718,70.928574,70.16143,491.700012,70.242859,59914400
8/30/2013,70.285713,70.421425,69.5,487.220032,69.602859,68074300
9/3/2013,70.442856,71.514282,69.621429,488.579987,69.797142,82982200
9/4/2013,71.365715,71.748573,70.897141,498.690033,71.241432,86258200
9/5/2013,71.464287,71.525711,70.519997,495.269958,70.752853,59091900
9/6/2013,71.205711,71.339996,69.992859,498.220001,71.174286,89881400
9/9/2013,72.14286,72.559998,71.925713,506.169983,72.309998,85171800
9/10/2013,72.314285,72.492859,69.928574,494.640015,70.662857,185798900
9/11/2013,66.715714,67.669998,66.401428,467.709991,66.815712,224674100
9/12/2013,66.928574,67.914284,66.572861,472.690002,67.527145,101012800
9/13/2013,67.048569,67.404289,66.385712,464.899994,66.414284,74708900
9/16/2013,65.85714,65.944283,63.888573,450.119995,64.302856,135926700
9/17/2013,63.994286,65.672859,63.92857,455.320007,65.045715,99845200
9/18/2013,66.168571,66.621429,65.808571,464.679993,66.382858,114215500
9/19/2013,67.242859,67.975716,67.035713,472.299988,67.471428,101135300
9/20/2013,68.285713,68.364288,66.571426,467.410004,66.772858,174825700
9/23/2013,70.871429,70.987144,68.942856,490.640015,70.091431,190526700
9/24/2013,70.697144,70.781425,69.688568,489.100006,69.871429,91086100
9/25/2013,69.885712,69.94857,68.775711,481.529999,68.790001,79239300
9/26/2013,69.428574,69.794289,69.128571,486.220001,69.459999,59305400
9/27/2013,69.111427,69.238571,68.674286,482.75,68.964287,57010100
9/30/2013,68.178574,68.808571,67.772858,476.749969,68.10714,65039100
10/1/2013,68.349998,69.877144,68.339996,487.960022,69.708572,88470900
10/2/2013,69.375717,70.257141,69.10714,489.559998,69.937141,72296000
10/3/2013,70.072861,70.335716,68.677139,483.410004,69.058571,80688300
10/4/2013,69.122856,69.228569,68.371429,483.030029,69.004288,64717100
10/7/2013,69.508568,70.378571,69.335716,487.75,69.678574,78073100
10/8/2013,69.991432,70.091431,68.648575,480.939972,68.705711,72729300
10/9/2013,69.234283,69.684288,68.325714,486.589996,69.512856,75431300
10/10/2013,70.188568,70.339996,69.577141,489.639984,69.94857,69650700
10/11/2013,69.57,70.548569,69.308571,492.809998,70.401428,66934700
10/14/2013,69.975716,71.082855,69.907143,496.039978,70.862854,65474500
10/15/2013,71.072861,71.714287,70.788574,498.679993,71.239998,80018400
10/16/2013,71.541428,71.790001,71.318573,501.109985,71.587143,62775300
10/17/2013,71.425713,72.111427,71.382858,504.5,72.071426,63398300
10/18/2013,72.284286,72.751427,72.244286,508.889984,72.69857,72635500
10/21/2013,73.110001,74.900002,73.074287,521.360046,74.480003,99526700
10/22/2013,75.201431,75.492859,72.575714,519.869995,74.267143,133515900
10/23/2013,74.14286,75.095711,74.14286,524.960022,74.994286,78430800
10/24/2013,75,76.067146,74.635712,531.910034,75.987144,96191200
10/25/2013,75.902855,76.175713,75.015717,525.960022,75.137146,84448000
10/28/2013,75.577141,75.85714,74.744286,529.880005,75.697144,137610200
10/29/2013,76.610001,77.035713,73.505714,516.680054,73.811432,158951800
10/30/2013,74.230003,75.360001,73.860001,524.900024,74.985718,88540900
10/31/2013,75,75.355713,74.46714,522.699951,74.671425,68924100
11/1/2013,74.860001,74.971428,73.691429,520.030029,74.290001,68722500
11/4/2013,74.442856,75.260002,74.115715,526.75,75.25,61156900
11/5/2013,74.940002,75.555717,74.714287,525.450012,75.064285,66303300
11/6/2013,74.878571,74.980003,74.028572,520.920044,74.417145,55843900
11/7/2013,74.225716,74.741432,73.197144,512.48999,73.21286,65655100
11/8/2013,73.511429,74.447144,73.227142,520.559998,74.365715,69829200
11/11/2013,74.284286,74.524284,73.487144,519.049988,74.150002,56863100
11/12/2013,73.952858,74.845711,73.85714,520.01001,74.28714,51069200
11/13/2013,74,74.60714,73.851425,520.630005,74.375717,49305200
11/14/2013,74.687141,75.611427,74.552856,528.160034,75.451431,70604800
11/15/2013,75.225716,75.584282,74.927139,524.98999,74.998573,79480100
11/18/2013,74.998573,75.312859,74.028572,518.630005,74.089996,61236000
11/19/2013,74.147141,74.76857,73.995712,519.549988,74.221428,52234700
11/20/2013,74.175713,74.345711,73.475716,515,73.571426,48479200
11/21/2013,73.942856,74.458572,73.381432,521.140015,74.44857,65506700
11/22/2013,74.21714,74.594284,74.075714,519.799988,74.257141,55931400
11/25/2013,74.431427,75.124283,74.428574,523.73999,74.82,57327900
11/26/2013,74.874283,76.591431,74.85714,533.399963,76.199997,100345700
11/27/2013,76.615715,78,76.199997,545.960022,77.994286,90862100
11/29/2013,78.497147,79.761429,78.258568,556.069946,79.438568,79531900
12/2/2013,79.714287,80.618568,78.688568,551.230042,78.747147,118136200
12/3/2013,79.757141,80.91143,79.668571,566.320007,80.902855,112742000
12/4/2013,80.785713,81.312859,80.117142,565,80.714287,94452400
12/5/2013,81.807144,82.162857,80.915718,567.900024,81.128571,111895000
12/6/2013,80.827141,80.964287,79.938568,560.019958,80.002853,86088100
12/9/2013,80.128571,81.368568,80.128571,566.429993,80.918571,80123400
12/10/2013,80.511429,81.125717,80.171425,565.549988,80.792854,69567400
12/11/2013,81,81.567146,79.955711,561.359985,80.194283,89929700
12/12/2013,80.305717,80.762856,80.004288,560.539978,80.077141,65572500
12/13/2013,80.407143,80.41143,79.095711,554.429993,79.204285,83205500
12/16/2013,79.288574,80.377144,79.28714,557.5,79.64286,70648200
12/17/2013,79.401428,79.919998,79.054283,554.98999,79.284286,57475600
12/18/2013,78.528572,78.778572,76.971428,550.77002,78.681427,141465800
12/19/2013,78.5,78.571426,77.675713,544.459961,77.779999,80077200
12/20/2013,77.918571,78.80143,77.831429,549.02002,78.431427,109103400
12/23/2013,81.14286,81.531425,80.394287,570.090027,81.441429,125326600
12/24/2013,81.412857,81.697144,80.861427,567.669983,81.095711,41888700
12/26/2013,81.157143,81.35714,80.482857,563.900024,80.557144,51002000
12/27/2013,80.545715,80.629997,79.928574,560.089966,80.012856,56471100
12/30/2013,79.637146,80.012856,78.902855,554.519958,79.21714,63407400
12/31/2013,79.167145,80.182854,79.14286,561.02002,80.145714,55771100
1/2/2014,79.382858,79.575714,78.860001,553.130005,79.01857,58671200
1/3/2014,78.980003,79.099998,77.204285,540.980042,77.28286,98116900
1/6/2014,76.778572,78.114288,76.228569,543.929993,77.704285,103152700
1/7/2014,77.760002,77.994286,76.845711,540.040039,77.148575,79302300
1/8/2014,76.972855,77.937141,76.955711,543.460022,77.637146,64632400
1/9/2014,78.114288,78.122856,76.478569,536.52002,76.645714,69787200
1/10/2014,77.118568,77.257141,75.872856,532.940002,76.134285,76244000
1/13/2014,75.701431,77.5,75.697144,535.730042,76.53286,94623200
1/14/2014,76.888573,78.104286,76.808571,546.390015,78.055717,83140400
1/15/2014,79.074287,80.028572,78.808571,557.359985,79.622856,97909700
1/16/2014,79.271431,79.550003,78.811432,554.25,79.178574,57319500
1/17/2014,78.78286,78.867142,77.128571,540.669983,77.238571,106684900
1/21/2014,77.284286,78.581429,77.202858,549.069946,78.438568,82131700
1/22/2014,78.701431,79.612854,78.258568,551.51001,78.78714,94996300
1/23/2014,78.562859,79.5,77.830002,556.179993,79.454285,100809800
1/24/2014,79.14286,79.374283,77.821426,546.070007,78.010002,107338700
1/27/2014,78.581429,79.257141,77.964287,550.5,78.64286,138719700
1/28/2014,72.68,73.571426,71.724289,506.499969,72.35714,266380800
1/29/2014,71.992859,72.48143,71.23143,500.75,71.535713,125702500
1/30/2014,71.791428,72.35714,70.957146,499.779968,71.397141,169625400
1/31/2014,70.739998,71.647141,70.507141,500.599976,71.514282,116199300
2/3/2014,71.80143,72.53286,71.328575,501.529968,71.647141,100366000
2/4/2014,72.264282,72.779999,71.822861,508.790009,72.684288,94170300
2/5/2014,72.365715,73.611427,72.321426,512.589966,73.227142,82086200
2/6/2014,72.865715,73.35714,72.544289,512.51001,73.215714,64441300
2/7/2014,74.482857,74.704285,73.91143,519.679993,74.239998,92570100
2/10/2014,74.094284,75.998573,74,528.98999,75.57,86389800
2/11/2014,75.80143,76.821426,75.64286,535.959961,76.565712,70564200
2/12/2014,76.707146,77.080002,76.177139,535.919983,76.559998,77025200
2/13/2014,76.379997,77.835716,76.314285,544.429993,77.775711,76849500
2/14/2014,77.495712,77.997147,77.315712,543.98999,77.71286,68231100
2/18/2014,78,78.741432,77.944283,545.98999,77.998573,65062900
2/19/2014,77.821426,78.127144,76.335716,537.369995,76.767143,78442000
2/20/2014,76.141426,76.714287,75.571426,531.150024,75.878571,76464500
2/21/2014,76.112854,76.367142,74.942856,525.25,75.035713,69696200
2/24/2014,74.735718,75.702858,74.631432,527.550049,75.364288,72227400
2/25/2014,75.625717,75.652855,74.428574,522.059998,74.580002,57988000
2/26/2014,74.80143,75,73.657143,517.349976,73.907143,69054300
2/27/2014,73.877144,75.540001,73.721428,527.670044,75.381432,75470500
2/28/2014,75.582855,76.10714,74.58857,526.23999,75.177139,92992200
3/3/2014,74.774284,75.807144,74.687141,527.76001,75.394287,59695300
3/4/2014,75.85714,76.091431,75.395714,531.23999,75.891426,64785000
3/5/2014,75.845711,76.39286,75.589996,532.359985,76.05143,50015700
3/6/2014,76.112854,76.348572,75.442856,530.75,75.821426,46372200
3/7/2014,75.870003,75.997147,75.150002,530.440002,75.777145,55182400
3/10/2014,75.480003,76.190002,75.477142,530.919983,75.845711,44646000
3/11/2014,76.492859,76.96286,76.084282,536.089966,76.584282,69806100
3/12/2014,76.358574,76.764282,76,536.609985,76.658569,49831600
3/13/2014,76.777145,77.094284,75.594284,530.650024,75.807144,64435700
3/14/2014,75.541428,75.841431,74.714287,524.690002,74.955711,59299800
3/17/2014,75.385712,75.709999,75.121429,526.73999,75.248573,49886200
3/18/2014,75.128571,75.995712,75.028572,531.399963,75.914284,52411800
3/19/2014,76.03714,76.605713,75.571426,531.26001,75.894287,56189000
3/20/2014,75.69857,76.095711,75.335716,528.700012,75.528572,52099600
3/21/2014,75.989998,76.25,75.190002,532.869995,76.124283,93511600
3/24/2014,76.917145,77.214287,76.437141,539.190002,77.027145,88925200
3/25/2014,77.35714,77.964287,77.084282,544.98999,77.855713,70573300
3/26/2014,78.074287,78.428574,76.980003,539.779968,77.111427,74942000
3/27/2014,77.145714,77.35714,76.445717,537.459961,76.779999,55507900
3/28/2014,76.902855,76.991432,76.321426,536.859985,76.694283,50141000
3/31/2014,77.03286,77.258568,76.561432,536.73999,76.677139,42167300
4/1/2014,76.822861,77.410004,76.681427,541.650024,77.378571,50190000
4/2/2014,77.482857,77.639999,77.18,542.549988,77.507141,45105200
4/3/2014,77.341431,77.5,76.805717,538.790039,76.970001,40586000
4/4/2014,77.115715,77.14286,75.797142,531.820007,75.974289,68812800
4/7/2014,75.431427,75.842857,74.555717,523.469971,74.781425,72462600
4/8/2014,75.027145,75.160004,74.099998,523.440002,74.777145,60972100
4/9/2014,74.662857,75.784286,74.574287,530.320007,75.760002,51542400
4/10/2014,75.811432,76.034286,74.738571,523.480042,74.78286,59913000
4/11/2014,74.14286,74.690002,73.877144,519.610046,74.230003,67929400
4/14/2014,74.557144,74.594284,73.887146,521.679993,74.525711,51418500
4/15/2014,74.324287,74.519997,73.047142,517.960022,73.994286,66622500
4/16/2014,74.007141,74.441429,73.44857,519.01001,74.144287,53691400
4/17/2014,74.285713,75.394287,74.171425,524.940002,74.991432,71083600
4/21/2014,75.048569,76.019997,74.851425,531.170044,75.881432,45637200
4/22/2014,75.472855,75.975716,75.214287,531.700012,75.957146,50640800
4/23/2014,75.580002,75.875717,74.921425,524.75,74.964287,98735000
4/24/2014,81.172859,81.428574,80.104286,567.77002,81.110001,189977900
4/25/2014,80.647141,81.71286,80.565712,571.940002,81.705711,97568800
4/28/2014,81.828575,85.10714,81.792854,594.090027,84.870003,167371400
4/29/2014,84.82,85.139999,84.215714,592.329956,84.618568,84344400
4/30/2014,84.662857,85.632858,84.257141,590.089966,84.298569,114160200
5/1/2014,84.571426,84.971428,83.765717,591.480042,84.497147,61012000
5/2/2014,84.620003,84.885712,84.244286,592.580017,84.654289,47878600
5/5/2014,84.305717,85.85714,84.285713,600.959961,85.851425,71766800
5/6/2014,85.971428,86.344284,84.915718,594.410034,84.915718,93641100
5/7/2014,85.035713,85.327141,83.961426,592.329956,84.618568,70716100
5/8/2014,84.035713,84.915718,83.771431,587.98999,83.998573,57574300
5/9/2014,83.505714,83.75,82.904289,585.540039,83.648575,72899400
5/12/2014,83.927139,84.808571,83.914284,592.830017,84.690002,53302200
5/13/2014,84.571426,84.934288,84.385712,593.76001,84.822861,39934300
5/14/2014,84.632858,85.342857,84.534286,593.869995,84.83857,41601000
5/15/2014,84.957146,85.228569,84.005714,588.820007,84.117142,57711500
5/16/2014,84.089996,85.361427,83.628571,597.51001,85.358574,69064100
5/19/2014,85.407143,86.761429,85.332855,604.590027,86.370003,79438800
5/20/2014,86.358574,86.628571,85.818573,604.710022,86.387146,58709000
5/21/2014,86.261429,86.671425,86.008568,606.309998,86.615715,49214900
5/22/2014,86.657143,87.121429,86.300003,607.269958,86.752853,50190000
5/23/2014,86.75,87.818573,86.638573,614.130005,87.732857,58052400
5/27/2014,87.982857,89.408569,87.947144,625.630005,89.375717,87216500
5/28/2014,89.431427,89.975716,89.111427,624.01001,89.144287,78870400
5/29/2014,89.692856,90.98143,89.681427,635.380005,90.76857,94118500
5/30/2014,91.139999,92.024284,89.842857,633,90.428574,141005200
6/2/2014,90.565712,90.690002,88.928574,628.650024,89.807144,92337700
6/3/2014,89.779999,91.248573,89.75,637.539978,91.077141,73177300
6/4/2014,91.062859,92.555717,90.872856,644.820007,92.117142,83870500
6/5/2014,92.314285,92.767143,91.80143,647.349976,92.478569,75951400
6/6/2014,92.842857,93.03714,92.067146,645.570007,92.224289,87484600
6/9/2014,92.699997,93.879997,91.75,93.699997,93.699997,75415000
6/10/2014,94.730003,95.050003,93.57,94.25,94.25,62777000
6/11/2014,94.129997,94.760002,93.470001,93.860001,93.860001,45681000
6/12/2014,94.040001,94.120003,91.900002,92.290001,92.290001,54749000
6/13/2014,92.199997,92.440002,90.879997,91.279999,91.279999,54525000
6/16/2014,91.510002,92.75,91.449997,92.199997,92.199997,35561000
6/17/2014,92.309998,92.699997,91.800003,92.080002,92.080002,29726000
6/18/2014,92.269997,92.290001,91.349998,92.18,92.18,33514000
6/19/2014,92.290001,92.300003,91.339996,91.860001,91.860001,35528000
6/20/2014,91.849998,92.550003,90.900002,90.910004,90.910004,100898000
6/23/2014,91.32,91.620003,90.599998,90.830002,90.830002,43694000
6/24/2014,90.75,91.739998,90.190002,90.279999,90.279999,39036000
6/25/2014,90.209999,90.699997,89.650002,90.360001,90.360001,36869000
6/26/2014,90.370003,91.050003,89.800003,90.900002,90.900002,32629000
6/27/2014,90.82,92,90.769997,91.980003,91.980003,64029000
6/30/2014,92.099998,93.730003,92.089996,92.93,92.93,49482300
7/1/2014,93.519997,94.07,93.129997,93.519997,93.519997,38223000
7/2/2014,93.870003,94.059998,93.089996,93.480003,93.480003,28465000
7/3/2014,93.669998,94.099998,93.199997,94.029999,94.029999,22891800
7/7/2014,94.139999,95.989998,94.099998,95.970001,95.970001,56468000
7/8/2014,96.269997,96.800003,93.919998,95.349998,95.349998,65222000
7/9/2014,95.440002,95.949997,94.760002,95.389999,95.389999,36436000
7/10/2014,93.760002,95.550003,93.519997,95.040001,95.040001,39686000
7/11/2014,95.360001,95.889999,94.860001,95.220001,95.220001,34018000
7/14/2014,95.860001,96.889999,95.650002,96.449997,96.449997,42810000
,,,,,,
,,,,,,
,,,,,,
,,,,,,
,,,,,,
,,,,,,
,,,,,,
,,,,,,
,,,,,,
,,,,,,
,,,,,,
,,,,,,
,,,,,,
,,,,,,
,,,,,,
,,,,,,
,,,,,,
,,,,,,
,,,,,,
8/11/2014,95.269997,96.080002,94.839996,95.989998,95.989998,36585000
8/12/2014,96.040001,96.879997,95.610001,95.970001,95.970001,33795000
8/13/2014,96.150002,97.239998,96.040001,97.239998,97.239998,31916000
8/14/2014,97.330002,97.57,96.800003,97.5,97.5,28116000
8/15/2014,97.900002,98.190002,96.860001,97.980003,97.980003,48951000
8/18/2014,98.489998,99.370003,97.980003,99.160004,99.160004,47572000
8/19/2014,99.410004,100.68,99.32,100.529999,100.529999,69399000
8/20/2014,100.440002,101.089996,99.949997,100.57,100.57,52699000
8/21/2014,100.57,100.940002,100.110001,100.580002,100.580002,33478000
8/22/2014,100.290001,101.470001,100.190002,101.32,101.32,44184000
8/25/2014,101.790001,102.169998,101.279999,101.540001,101.540001,40270000
8/26/2014,101.419998,101.5,100.860001,100.889999,100.889999,33152000
8/27/2014,101.019997,102.57,100.699997,102.129997,102.129997,52369000
8/28/2014,101.589996,102.779999,101.559998,102.25,102.25,68460000
8/29/2014,102.860001,102.900002,102.199997,102.5,102.5,44595000
9/2/2014,103.059998,103.739998,102.720001,103.300003,103.300003,53564000
9/3/2014,103.099998,103.199997,98.580002,98.940002,98.940002,125421000
9/4/2014,98.849998,100.089996,97.790001,98.120003,98.120003,85718000
9/5/2014,98.800003,99.389999,98.309998,98.970001,98.970001,58457000
9/8/2014,99.300003,99.309998,98.050003,98.360001,98.360001,46356700
9/9/2014,99.080002,103.080002,96.139999,97.989998,97.989998,189846300
9/10/2014,98.010002,101.110001,97.760002,101,101,100869600
9/11/2014,100.410004,101.440002,99.620003,101.43,101.43,62353100
9/12/2014,101.209999,102.190002,101.080002,101.660004,101.660004,62626100
9/15/2014,102.809998,103.050003,101.440002,101.629997,101.629997,61316500
9/16/2014,99.800003,101.260002,98.889999,100.860001,100.860001,66908100
9/17/2014,101.269997,101.800003,100.589996,101.580002,101.580002,60926500
9/18/2014,101.93,102.349998,101.559998,101.790001,101.790001,37299400
9/19/2014,102.290001,102.349998,100.5,100.959999,100.959999,70902400
9/22/2014,101.800003,102.139999,100.580002,101.059998,101.059998,52788400
9/23/2014,100.599998,102.940002,100.540001,102.639999,102.639999,63402200
9/24/2014,102.160004,102.849998,101.199997,101.75,101.75,60171800
9/25/2014,100.510002,100.709999,97.720001,97.870003,97.870003,100092000
9/26/2014,98.529999,100.75,98.400002,100.75,100.75,62370500
9/29/2014,98.650002,100.440002,98.629997,100.110001,100.110001,49766300
9/30/2014,100.809998,101.540001,100.529999,100.75,100.75,55264100
10/1/2014,100.589996,100.690002,98.699997,99.18,99.18,51491300
10/2/2014,99.269997,100.220001,98.040001,99.900002,99.900002,47757800
10/3/2014,99.440002,100.209999,99.040001,99.620003,99.620003,43469600
10/6/2014,99.949997,100.650002,99.419998,99.620003,99.620003,37051200
10/7/2014,99.43,100.120003,98.730003,98.75,98.75,42094200
10/8/2014,98.760002,101.110001,98.309998,100.800003,100.800003,57404700
10/9/2014,101.540001,102.379997,100.610001,101.019997,101.019997,77376500
10/10/2014,100.690002,102.029999,100.300003,100.730003,100.730003,66331600
10/13/2014,101.330002,101.779999,99.809998,99.809998,99.809998,53583400
10/14/2014,100.389999,100.519997,98.57,98.75,98.75,63688600
10/15/2014,97.970001,99.150002,95.18,97.540001,97.540001,100933600
10/16/2014,95.550003,97.720001,95.410004,96.260002,96.260002,72154500
10/17/2014,97.5,99,96.809998,97.669998,97.669998,68179700
10/20/2014,98.32,99.959999,98.220001,99.760002,99.760002,77517300
10/21/2014,103.019997,103.019997,101.269997,102.470001,102.470001,94623900
10/22/2014,102.839996,104.110001,102.599998,102.989998,102.989998,68263100
10/23/2014,104.080002,105.050003,103.629997,104.830002,104.830002,71074700
10/24/2014,105.18,105.489998,104.529999,105.220001,105.220001,47053900
10/27/2014,104.849998,105.480003,104.699997,105.110001,105.110001,34187700
10/28/2014,105.400002,106.739998,105.349998,106.739998,106.739998,48060900
10/29/2014,106.650002,107.370003,106.360001,107.339996,107.339996,52687900
10/30/2014,106.959999,107.349998,105.900002,106.980003,106.980003,40654800
10/31/2014,108.010002,108.040001,107.209999,108,108,44639300
11/3/2014,108.220001,110.300003,108.010002,109.400002,109.400002,52282600
11/4/2014,109.360001,109.489998,107.720001,108.599998,108.599998,41574400
11/5/2014,109.099998,109.300003,108.129997,108.860001,108.860001,37435900
11/6/2014,108.599998,108.790001,107.800003,108.699997,108.699997,34968500
11/7/2014,108.75,109.32,108.550003,109.010002,109.010002,33691500
11/10/2014,109.019997,109.330002,108.669998,108.830002,108.830002,27195500
11/11/2014,108.699997,109.75,108.400002,109.699997,109.699997,27442300
11/12/2014,109.379997,111.43,109.370003,111.25,111.25,46942400
11/13/2014,111.800003,113.449997,111.599998,112.82,112.82,59522900
11/14/2014,113.150002,114.190002,111.209999,114.18,114.18,44063600
11/17/2014,114.269997,117.279999,113.300003,113.989998,113.989998,46746700
11/18/2014,113.940002,115.690002,113.889999,115.470001,115.470001,44224000
11/19/2014,115.440002,115.739998,113.800003,114.669998,114.669998,41869200
11/20/2014,114.910004,116.860001,114.849998,116.309998,116.309998,43395500
11/21/2014,117.510002,117.57,116.029999,116.470001,116.470001,57179300
11/24/2014,116.849998,118.769997,116.620003,118.629997,118.629997,47450800
11/25/2014,119.07,119.75,117.449997,117.599998,117.599998,68840400
11/26/2014,117.940002,119.099998,117.830002,119,119,40768300
11/28/2014,119.269997,119.400002,118.050003,118.93,118.93,24814400
12/1/2014,118.809998,119.25,111.269997,115.07,115.07,83814000
12/2/2014,113.5,115.75,112.75,114.629997,114.629997,59348900
12/3/2014,115.75,116.349998,115.110001,115.93,115.93,43063400
12/4/2014,115.769997,117.199997,115.290001,115.489998,115.489998,42044500
12/5/2014,115.989998,116.080002,114.639999,115,115,38318900
12/8/2014,114.099998,114.650002,111.620003,112.400002,112.400002,57664900
12/9/2014,110.190002,114.300003,109.349998,114.120003,114.120003,60208000
12/10/2014,114.410004,114.849998,111.540001,111.949997,111.949997,44565300
12/11/2014,112.260002,113.800003,111.339996,111.620003,111.620003,41401700
12/12/2014,110.459999,111.870003,109.580002,109.730003,109.730003,56028100
12/15/2014,110.699997,111.599998,106.349998,108.230003,108.230003,67218100
12/16/2014,106.370003,110.160004,106.260002,106.75,106.75,60790700
12/17/2014,107.120003,109.839996,106.82,109.410004,109.410004,53411800
12/18/2014,111.870003,112.650002,110.660004,112.650002,112.650002,59006200
12/19/2014,112.260002,113.239998,111.660004,111.779999,111.779999,88429800
12/22/2014,112.160004,113.489998,111.970001,112.940002,112.940002,45167500
12/23/2014,113.230003,113.330002,112.459999,112.540001,112.540001,26028400
12/24/2014,112.580002,112.709999,112.010002,112.010002,112.010002,14479600
12/26/2014,112.099998,114.519997,112.010002,113.989998,113.989998,33721000
12/29/2014,113.790001,114.769997,113.699997,113.910004,113.910004,27598900
12/30/2014,113.639999,113.919998,112.110001,112.519997,112.519997,29881500
12/31/2014,112.82,113.129997,110.209999,110.379997,110.379997,41403400
1/2/2015,111.389999,111.440002,107.349998,109.330002,109.330002,53204600
1/5/2015,108.290001,108.650002,105.410004,106.25,106.25,64285500
1/6/2015,106.540001,107.43,104.629997,106.260002,106.260002,65797100
1/7/2015,107.199997,108.199997,106.699997,107.75,107.75,40105900
1/8/2015,109.230003,112.150002,108.699997,111.889999,111.889999,59364500
1/9/2015,112.669998,113.25,110.209999,112.010002,112.010002,53699500
1/12/2015,112.599998,112.629997,108.800003,109.25,109.25,49650800
1/13/2015,111.43,112.800003,108.910004,110.220001,110.220001,67091900
1/14/2015,109.040001,110.489998,108.5,109.800003,109.800003,48337000
1/15/2015,110,110.059998,106.660004,106.82,106.82,60014000
1/16/2015,107.029999,107.580002,105.199997,105.989998,105.989998,78513300
1/20/2015,107.839996,108.970001,106.5,108.720001,108.720001,49899900
1/21/2015,108.949997,111.059998,108.269997,109.550003,109.550003,48575900
1/22/2015,110.260002,112.470001,109.720001,112.400002,112.400002,53796400
1/23/2015,112.300003,113.75,111.529999,112.980003,112.980003,46464800
1/26/2015,113.739998,114.360001,112.800003,113.099998,113.099998,55615000
1/27/2015,112.419998,112.480003,109.029999,109.139999,109.139999,95568700
1/28/2015,117.629997,118.120003,115.309998,115.309998,115.309998,146477100
1/29/2015,116.32,119.190002,115.559998,118.900002,118.900002,84436400
1/30/2015,118.400002,120,116.849998,117.160004,117.160004,83745500
2/2/2015,118.050003,119.169998,116.080002,118.629997,118.629997,62739100
2/3/2015,118.5,119.089996,117.610001,118.650002,118.650002,51915700
2/4/2015,118.5,120.510002,118.309998,119.559998,119.559998,70149700
2/5/2015,120.019997,120.230003,119.25,119.940002,119.940002,42246200
2/6/2015,120.019997,120.25,118.449997,118.93,118.93,43706600
2/9/2015,118.550003,119.839996,118.43,119.720001,119.720001,38889800
2/10/2015,120.169998,122.150002,120.160004,122.019997,122.019997,62008500
2/11/2015,122.769997,124.919998,122.5,124.879997,124.879997,73561800
2/12/2015,126.059998,127.480003,125.57,126.459999,126.459999,74474500
2/13/2015,127.279999,127.279999,125.650002,127.080002,127.080002,54272200
2/17/2015,127.489998,128.880005,126.919998,127.830002,127.830002,63152400
2/18/2015,127.629997,128.779999,127.449997,128.720001,128.720001,44891700
2/19/2015,128.479996,129.029999,128.330002,128.449997,128.449997,37362400
2/20/2015,128.619995,129.5,128.050003,129.5,129.5,48948400
2/23/2015,130.020004,133,129.660004,133,133,70974100
2/24/2015,132.940002,133.600006,131.169998,132.169998,132.169998,69228100
2/25/2015,131.559998,131.600006,128.149994,128.789993,128.789993,74711700
2/26/2015,128.789993,130.869995,126.610001,130.419998,130.419998,91287500
2/27/2015,130,130.570007,128.240005,128.460007,128.460007,62014800
3/2/2015,129.25,130.279999,128.300003,129.089996,129.089996,48096700
3/3/2015,128.960007,129.520004,128.089996,129.360001,129.360001,37816300
3/4/2015,129.100006,129.559998,128.320007,128.539993,128.539993,31666300
3/5/2015,128.580002,128.75,125.760002,126.410004,126.410004,56517100
3/6/2015,128.399994,129.369995,126.260002,126.599998,126.599998,72842100
3/9/2015,127.959999,129.570007,125.059998,127.139999,127.139999,88528500
3/10/2015,126.410004,127.220001,123.800003,124.510002,124.510002,68856600
3/11/2015,124.75,124.769997,122.110001,122.239998,122.239998,68939000
3/12/2015,122.309998,124.900002,121.629997,124.449997,124.449997,48362700
3/13/2015,124.400002,125.400002,122.580002,123.589996,123.589996,51827300
3/16/2015,123.879997,124.949997,122.870003,124.949997,124.949997,35874300
3/17/2015,125.900002,127.32,125.650002,127.040001,127.040001,51023100
3/18/2015,127,129.160004,126.370003,128.470001,128.470001,65270900
3/19/2015,128.75,129.25,127.400002,127.5,127.5,45809500
3/20/2015,128.25,128.399994,125.160004,125.900002,125.900002,68695100
3/23/2015,127.120003,127.849998,126.519997,127.209999,127.209999,37709700
3/24/2015,127.230003,128.039993,126.559998,126.690002,126.690002,32842300
3/25/2015,126.540001,126.82,123.379997,123.379997,123.379997,51655200
3/26/2015,122.760002,124.879997,122.599998,124.239998,124.239998,47572900
3/27/2015,124.57,124.699997,122.910004,123.25,123.25,39546200
3/30/2015,124.050003,126.400002,124,126.370003,126.370003,47099700
3/31/2015,126.089996,126.489998,124.360001,124.43,124.43,42090600
4/1/2015,124.82,125.120003,123.099998,124.25,124.25,40621400
4/2/2015,125.029999,125.559998,124.190002,125.32,125.32,32220100
4/6/2015,124.470001,127.510002,124.330002,127.349998,127.349998,37194000
4/7/2015,127.639999,128.119995,125.980003,126.010002,126.010002,35012300
4/8/2015,125.849998,126.400002,124.970001,125.599998,125.599998,37329200
4/9/2015,125.849998,126.580002,124.660004,126.559998,126.559998,32484000
4/10/2015,125.949997,127.209999,125.260002,127.099998,127.099998,40188000
4/13/2015,128.369995,128.570007,126.610001,126.849998,126.849998,36365100
4/14/2015,127,127.290001,125.910004,126.300003,126.300003,25524600
4/15/2015,126.410004,127.129997,126.010002,126.779999,126.779999,28970400
4/16/2015,126.279999,127.099998,126.110001,126.169998,126.169998,28369000
4/17/2015,125.550003,126.139999,124.459999,124.75,124.75,51957000
4/20/2015,125.57,128.119995,125.169998,127.599998,127.599998,47054300
4/21/2015,128.100006,128.199997,126.669998,126.910004,126.910004,32435100
4/22/2015,126.989998,128.869995,126.32,128.619995,128.619995,37654500
4/23/2015,128.300003,130.419998,128.139999,129.669998,129.669998,45770900
4/24/2015,130.490005,130.630005,129.229996,130.279999,130.279999,44525900
4/27/2015,132.309998,133.130005,131.149994,132.649994,132.649994,96954200
4/28/2015,134.460007,134.539993,129.570007,130.559998,130.559998,118924000
4/29/2015,130.160004,131.589996,128.300003,128.639999,128.639999,63386100
4/30/2015,128.639999,128.639999,124.580002,125.150002,125.150002,83195400
5/1/2015,126.099998,130.130005,125.300003,128.949997,128.949997,58512600
5/4/2015,129.5,130.570007,128.259995,128.699997,128.699997,50988300
5/5/2015,128.149994,128.449997,125.779999,125.800003,125.800003,49271400
5/6/2015,126.559998,126.75,123.360001,125.010002,125.010002,72141000
5/7/2015,124.769997,126.080002,124.019997,125.260002,125.260002,43940900
5/8/2015,126.68,127.620003,126.110001,127.620003,127.620003,55550400
5/11/2015,127.389999,127.559998,125.629997,126.32,126.32,42035800
5/12/2015,125.599998,126.879997,124.82,125.870003,125.870003,48160000
5/13/2015,126.150002,127.190002,125.870003,126.010002,126.010002,34694200
5/14/2015,127.410004,128.949997,127.160004,128.949997,128.949997,45203500
5/15/2015,129.070007,129.490005,128.210007,128.770004,128.770004,38208000
5/18/2015,128.380005,130.720001,128.360001,130.190002,130.190002,50882900
5/19/2015,130.690002,130.880005,129.639999,130.070007,130.070007,44633200
5/20/2015,130,130.979996,129.339996,130.059998,130.059998,36454900
5/21/2015,130.070007,131.630005,129.830002,131.389999,131.389999,39730400
5/22/2015,131.600006,132.970001,131.399994,132.539993,132.539993,45596000
5/26/2015,132.600006,132.910004,129.119995,129.619995,129.619995,70697600
5/27/2015,130.339996,132.259995,130.050003,132.039993,132.039993,45833200
5/28/2015,131.860001,131.949997,131.100006,131.779999,131.779999,30733300
5/29/2015,131.229996,131.449997,129.899994,130.279999,130.279999,50884500
6/1/2015,130.279999,131.389999,130.050003,130.539993,130.539993,32112800
6/2/2015,129.860001,130.660004,129.320007,129.960007,129.960007,33667600
6/3/2015,130.660004,130.940002,129.899994,130.119995,130.119995,30889400
6/4/2015,129.580002,130.580002,128.910004,129.360001,129.360001,38450100
6/5/2015,129.5,129.690002,128.360001,128.649994,128.649994,35626800
6/8/2015,128.899994,129.210007,126.830002,127.800003,127.800003,52674800
6/9/2015,126.699997,128.080002,125.620003,127.419998,127.419998,56075400
6/10/2015,127.919998,129.339996,127.849998,128.880005,128.880005,39087300
6/11/2015,129.179993,130.179993,128.479996,128.589996,128.589996,35390900
6/12/2015,128.190002,128.330002,127.110001,127.169998,127.169998,36886200
6/15/2015,126.099998,127.239998,125.709999,126.919998,126.919998,43988900
6/16/2015,127.029999,127.849998,126.370003,127.599998,127.599998,31494100
6/17/2015,127.720001,127.879997,126.739998,127.300003,127.300003,32918100
6/18/2015,127.230003,128.309998,127.220001,127.879997,127.879997,35407200
6/19/2015,127.709999,127.82,126.400002,126.599998,126.599998,54716900
6/22/2015,127.489998,128.059998,127.080002,127.610001,127.610001,34039300
6/23/2015,127.480003,127.610001,126.879997,127.029999,127.029999,30268900
6/24/2015,127.209999,129.800003,127.120003,128.110001,128.110001,55280900
6/25/2015,128.860001,129.199997,127.5,127.5,127.5,31938100
6/26/2015,127.669998,127.989998,126.510002,126.75,126.75,44066800
6/29/2015,125.459999,126.470001,124.480003,124.529999,124.529999,49161400
6/30/2015,125.57,126.120003,124.860001,125.43,125.43,44370700
7/1/2015,126.900002,126.940002,125.989998,126.599998,126.599998,30238800
7/2/2015,126.43,126.690002,125.769997,126.440002,126.440002,27211000
7/6/2015,124.940002,126.230003,124.849998,126,126,28060400
7/7/2015,125.889999,126.150002,123.769997,125.690002,125.690002,46946800
7/8/2015,124.480003,124.639999,122.540001,122.57,122.57,60761600
7/9/2015,123.849998,124.059998,119.220001,120.07,120.07,77821600
7/10/2015,121.940002,123.849998,121.209999,123.279999,123.279999,61354500
7/13/2015,125.029999,125.760002,124.32,125.660004,125.660004,41440500
7/14/2015,126.040001,126.370003,125.040001,125.610001,125.610001,31768100
7/15/2015,125.720001,127.150002,125.580002,126.82,126.82,33649200
7/16/2015,127.739998,128.570007,127.349998,128.509995,128.509995,36222400
7/17/2015,129.080002,129.619995,128.309998,129.619995,129.619995,46164700
7/20/2015,130.970001,132.970001,130.699997,132.070007,132.070007,58900200
7/21/2015,132.850006,132.919998,130.320007,130.75,130.75,76756400
7/22/2015,121.989998,125.5,121.989998,125.220001,125.220001,115450600
7/23/2015,126.199997,127.089996,125.059998,125.160004,125.160004,50999500
7/24/2015,125.32,125.739998,123.900002,124.5,124.5,42162300
7/27/2015,123.089996,123.610001,122.120003,122.769997,122.769997,44455500
7/28/2015,123.379997,123.910004,122.550003,123.379997,123.379997,33618100
7/29/2015,123.150002,123.5,122.269997,122.989998,122.989998,37011700
7/30/2015,122.32,122.57,121.709999,122.370003,122.370003,33628300
7/31/2015,122.599998,122.639999,120.910004,121.300003,121.300003,42885000
8/3/2015,121.5,122.57,117.519997,118.440002,118.440002,69976000
8/4/2015,117.419998,117.699997,113.25,114.639999,114.639999,124138600
8/5/2015,112.949997,117.440002,112.099998,115.400002,115.400002,99312600
8/6/2015,115.970001,116.5,114.120003,115.129997,115.129997,52903000
8/7/2015,114.580002,116.25,114.5,115.519997,115.519997,38670400
8/10/2015,116.529999,119.989998,116.529999,119.720001,119.720001,54951600
8/11/2015,117.809998,118.18,113.330002,113.489998,113.489998,97082800
8/12/2015,112.529999,115.419998,109.629997,115.239998,115.239998,101217500
8/13/2015,116.040001,116.400002,114.540001,115.150002,115.150002,48535800
8/14/2015,114.32,116.309998,114.010002,115.959999,115.959999,42929500
8/17/2015,116.040001,117.650002,115.5,117.160004,117.160004,40884700
8/18/2015,116.43,117.440002,116.010002,116.5,116.5,34560700
8/19/2015,116.099998,116.519997,114.68,115.010002,115.010002,47445700
8/20/2015,114.080002,114.349998,111.629997,112.650002,112.650002,68501600
8/21/2015,110.43,111.900002,105.650002,105.760002,105.760002,128275500
8/24/2015,94.870003,108.800003,92,103.120003,103.120003,162206300
8/25/2015,111.110001,111.110001,103.5,103.739998,103.739998,103601600
8/26/2015,107.089996,109.889999,105.050003,109.690002,109.690002,96774600
8/27/2015,112.230003,113.239998,110.019997,112.919998,112.919998,84616100
8/28/2015,112.169998,113.309998,111.540001,113.290001,113.290001,53164400
8/31/2015,112.029999,114.529999,112,112.760002,112.760002,56229300
9/1/2015,110.150002,111.879997,107.360001,107.720001,107.720001,76845900
9/2/2015,110.230003,112.339996,109.129997,112.339996,112.339996,61888800
9/3/2015,112.489998,112.779999,110.040001,110.370003,110.370003,53233900
9/4/2015,108.970001,110.449997,108.510002,109.269997,109.269997,49996300
9/8/2015,111.75,112.559998,110.32,112.309998,112.309998,54843600
9/9/2015,113.760002,114.019997,109.769997,110.150002,110.150002,85010800
9/10/2015,110.269997,113.279999,109.900002,112.57,112.57,62892800
9/11/2015,111.790001,114.209999,111.760002,114.209999,114.209999,49915500
9/14/2015,116.580002,116.889999,114.860001,115.309998,115.309998,58363400
9/15/2015,115.93,116.529999,114.419998,116.279999,116.279999,43341200
9/16/2015,116.25,116.540001,115.440002,116.410004,116.410004,37173500
9/17/2015,115.660004,116.489998,113.720001,113.919998,113.919998,64112600
9/18/2015,112.209999,114.300003,111.870003,113.449997,113.449997,74285300
9/21/2015,113.669998,115.370003,113.660004,115.209999,115.209999,50222000
9/22/2015,113.379997,114.18,112.519997,113.400002,113.400002,50346200
9/23/2015,113.629997,114.720001,113.300003,114.32,114.32,35756700
9/24/2015,113.25,115.5,112.370003,115,115,50219500
9/25/2015,116.440002,116.690002,114.019997,114.709999,114.709999,56151900
9/28/2015,113.849998,114.57,112.440002,112.440002,112.440002,52109000
9/29/2015,112.830002,113.510002,107.860001,109.059998,109.059998,73365400
9/30/2015,110.169998,111.540001,108.730003,110.300003,110.300003,66473000
10/1/2015,109.07,109.620003,107.309998,109.580002,109.580002,63929100
10/2/2015,108.010002,111.010002,107.550003,110.379997,110.379997,58019800
10/5/2015,109.879997,111.370003,109.07,110.779999,110.779999,52064700
10/6/2015,110.629997,111.739998,109.769997,111.309998,111.309998,48196800
10/7/2015,111.739998,111.769997,109.410004,110.779999,110.779999,46765600
10/8/2015,110.190002,110.190002,108.209999,109.5,109.5,61979600
10/9/2015,110,112.279999,109.489998,112.120003,112.120003,52766100
10/12/2015,112.730003,112.75,111.440002,111.599998,111.599998,30467200
10/13/2015,110.82,112.449997,110.68,111.790001,111.790001,33049300
10/14/2015,111.290001,111.519997,109.559998,110.209999,110.209999,44462400
10/15/2015,110.93,112.099998,110.489998,111.860001,111.860001,37673500
10/16/2015,111.779999,112,110.529999,111.040001,111.040001,39232600
10/19/2015,110.800003,111.75,110.110001,111.730003,111.730003,29759200
10/20/2015,111.339996,114.169998,110.82,113.769997,113.769997,48778800
10/21/2015,114,115.580002,113.699997,113.760002,113.760002,41795200
10/22/2015,114.330002,115.5,114.099998,115.5,115.5,41654100
10/23/2015,116.699997,119.230003,116.330002,119.080002,119.080002,59366900
10/26/2015,118.080002,118.129997,114.919998,115.279999,115.279999,66333800
10/27/2015,115.400002,116.540001,113.989998,114.550003,114.550003,69884400
10/28/2015,116.93,119.300003,116.059998,119.269997,119.269997,85551400
10/29/2015,118.699997,120.690002,118.269997,120.529999,120.529999,51227300
10/30/2015,120.989998,121.220001,119.449997,119.5,119.5,49365300
11/2/2015,120.800003,121.360001,119.610001,121.18,121.18,32203300
11/3/2015,120.790001,123.489998,120.699997,122.57,122.57,45519000
11/4/2015,123.129997,123.82,121.620003,122,122,44886100
11/5/2015,121.849998,122.690002,120.18,120.919998,120.919998,39552700
11/6/2015,121.110001,121.809998,120.620003,121.059998,121.059998,33042300
11/9/2015,120.959999,121.809998,120.050003,120.57,120.57,33871400
11/10/2015,116.900002,118.07,116.059998,116.769997,116.769997,59127900
11/11/2015,116.370003,117.419998,115.209999,116.110001,116.110001,45218000
11/12/2015,116.260002,116.82,115.650002,115.720001,115.720001,32525600
11/13/2015,115.199997,115.57,112.269997,112.339996,112.339996,45812400
11/16/2015,111.379997,114.239998,111,114.18,114.18,38106700
11/17/2015,114.919998,115.050003,113.32,113.690002,113.690002,27616900
11/18/2015,115.760002,117.489998,115.5,117.290001,117.290001,46674700
11/19/2015,117.639999,119.75,116.760002,118.779999,118.779999,43295800
11/20/2015,119.199997,119.919998,118.849998,119.300003,119.300003,34287100
11/23/2015,119.269997,119.730003,117.339996,117.75,117.75,32482500
11/24/2015,117.330002,119.349998,117.120003,118.879997,118.879997,42803200
11/25/2015,119.209999,119.230003,117.919998,118.029999,118.029999,21388300
11/27/2015,118.290001,118.410004,117.599998,117.809998,117.809998,13046400
11/30/2015,117.989998,119.410004,117.75,118.300003,118.300003,39180300
12/1/2015,118.75,118.809998,116.860001,117.339996,117.339996,34852400
12/2/2015,117.339996,118.110001,116.080002,116.279999,116.279999,33386600
12/3/2015,116.550003,116.790001,114.220001,115.199997,115.199997,41569500
12/4/2015,115.290001,119.25,115.110001,119.029999,119.029999,57777000
12/7/2015,118.980003,119.860001,117.809998,118.279999,118.279999,32084200
12/8/2015,117.519997,118.599998,116.860001,118.230003,118.230003,34309500
12/9/2015,117.639999,117.690002,115.080002,115.620003,115.620003,46361400
12/10/2015,116.040001,116.940002,115.510002,116.169998,116.169998,29104200
12/11/2015,115.190002,115.389999,112.849998,113.18,113.18,46886200
12/14/2015,112.18,112.68,109.790001,112.480003,112.480003,64318700
12/15/2015,111.940002,112.800003,110.349998,110.489998,110.489998,53323100
12/16/2015,111.07,111.989998,108.800003,111.339996,111.339996,56238500
12/17/2015,112.019997,112.25,108.980003,108.980003,108.980003,44772800
12/18/2015,108.910004,109.519997,105.809998,106.029999,106.029999,96453300
12/21/2015,107.279999,107.370003,105.57,107.330002,107.330002,47590600
12/22/2015,107.400002,107.720001,106.449997,107.230003,107.230003,32789400
12/23/2015,107.269997,108.849998,107.199997,108.610001,108.610001,32657400
12/24/2015,109,109,107.949997,108.029999,108.029999,13570400
12/28/2015,107.589996,107.690002,106.18,106.82,106.82,26704200
12/29/2015,106.959999,109.43,106.860001,108.739998,108.739998,30931200
12/30/2015,108.580002,108.699997,107.18,107.32,107.32,25213800
12/31/2015,107.010002,107.029999,104.82,105.260002,105.260002,40635300
1/4/2016,102.610001,105.370003,102,105.349998,105.349998,67649400
1/5/2016,105.75,105.849998,102.410004,102.709999,102.709999,55791000
1/6/2016,100.559998,102.370003,99.870003,100.699997,100.699997,68457400
1/7/2016,98.68,100.129997,96.43,96.449997,96.449997,81094400
1/8/2016,98.550003,99.110001,96.760002,96.959999,96.959999,70798000
1/11/2016,98.970001,99.059998,97.339996,98.529999,98.529999,49739400
1/12/2016,100.550003,100.690002,98.839996,99.959999,99.959999,49154200
1/13/2016,100.32,101.190002,97.300003,97.389999,97.389999,62439600
1/14/2016,97.959999,100.480003,95.739998,99.519997,99.519997,63170100
1/15/2016,96.199997,97.709999,95.360001,97.129997,97.129997,79010000
1/19/2016,98.410004,98.650002,95.5,96.660004,96.660004,53087700
1/20/2016,95.099998,98.190002,93.419998,96.790001,96.790001,72334400
1/21/2016,97.059998,97.879997,94.940002,96.300003,96.300003,52161500
1/22/2016,98.629997,101.459999,98.370003,101.419998,101.419998,65800500
1/25/2016,101.519997,101.529999,99.209999,99.440002,99.440002,51794500
1/26/2016,99.93,100.879997,98.07,99.989998,99.989998,75077000
1/27/2016,96.040001,96.629997,93.339996,93.419998,93.419998,133369700
1/28/2016,93.790001,94.519997,92.389999,94.089996,94.089996,55678800
1/29/2016,94.790001,97.339996,94.349998,97.339996,97.339996,64416500
2/1/2016,96.470001,96.709999,95.400002,96.43,96.43,40943500
2/2/2016,95.419998,96.040001,94.279999,94.480003,94.480003,37357200
2/3/2016,95,96.839996,94.080002,96.349998,96.349998,45964300
2/4/2016,95.860001,97.330002,95.190002,96.599998,96.599998,46471700
2/5/2016,96.519997,96.919998,93.690002,94.019997,94.019997,46418100
2/8/2016,93.129997,95.699997,93.040001,95.010002,95.010002,54021400
2/9/2016,94.290001,95.940002,93.93,94.989998,94.989998,44331200
2/10/2016,95.919998,96.349998,94.099998,94.269997,94.269997,42343600
2/11/2016,93.790001,94.720001,92.589996,93.699997,93.699997,50074700
2/12/2016,94.190002,94.5,93.010002,93.989998,93.989998,40351400
2/16/2016,95.019997,96.849998,94.610001,96.639999,96.639999,49057900
2/17/2016,96.669998,98.209999,96.150002,98.120003,98.120003,44863200
2/18/2016,98.839996,98.889999,96.089996,96.260002,96.260002,39021000
2/19/2016,96,96.760002,95.800003,96.040001,96.040001,35374200
2/22/2016,96.309998,96.900002,95.919998,96.879997,96.879997,34280800
2/23/2016,96.400002,96.5,94.550003,94.690002,94.690002,31942600
2/24/2016,93.980003,96.379997,93.32,96.099998,96.099998,36255700
2/25/2016,96.050003,96.760002,95.25,96.760002,96.760002,27582700
2/26/2016,97.199997,98.019997,96.580002,96.910004,96.910004,28991100
2/29/2016,96.860001,98.230003,96.650002,96.690002,96.690002,35216300
3/1/2016,97.650002,100.769997,97.419998,100.529999,100.529999,50407100
3/2/2016,100.510002,100.889999,99.639999,100.75,100.75,33169600
3/3/2016,100.580002,101.709999,100.449997,101.5,101.5,36955700
3/4/2016,102.370003,103.75,101.370003,103.010002,103.010002,46055100
3/7/2016,102.389999,102.830002,100.959999,101.870003,101.870003,35828900
3/8/2016,100.779999,101.760002,100.400002,101.029999,101.029999,31561900
3/9/2016,101.309998,101.580002,100.269997,101.120003,101.120003,27201700
3/10/2016,101.410004,102.239998,100.150002,101.169998,101.169998,33513600
3/11/2016,102.239998,102.279999,101.5,102.260002,102.260002,27408200
3/14/2016,101.910004,102.910004,101.779999,102.519997,102.519997,25076100
3/15/2016,103.959999,105.18,103.849998,104.580002,104.580002,40067700
3/16/2016,104.610001,106.309998,104.589996,105.970001,105.970001,38303500
3/17/2016,105.519997,106.470001,104.959999,105.800003,105.800003,34420700
3/18/2016,106.339996,106.5,105.190002,105.919998,105.919998,44205200
3/21/2016,105.93,107.650002,105.139999,105.910004,105.910004,35502700
3/22/2016,105.25,107.290001,105.209999,106.720001,106.720001,32444400
3/23/2016,106.480003,107.07,105.900002,106.129997,106.129997,25703500
3/24/2016,105.470001,106.25,104.889999,105.669998,105.669998,26133000
3/28/2016,106,106.190002,105.059998,105.190002,105.190002,19411400
3/29/2016,104.889999,107.790001,104.879997,107.68,107.68,31190100
3/30/2016,108.650002,110.419998,108.599998,109.559998,109.559998,45601100
3/31/2016,109.720001,109.900002,108.879997,108.989998,108.989998,25888400
4/1/2016,108.779999,110,108.199997,109.989998,109.989998,25874000
4/4/2016,110.419998,112.190002,110.269997,111.120003,111.120003,37356200
4/5/2016,109.510002,110.730003,109.419998,109.809998,109.809998,26578700
4/6/2016,110.230003,110.980003,109.199997,110.959999,110.959999,26404100
4/7/2016,109.949997,110.419998,108.120003,108.540001,108.540001,31801900
4/8/2016,108.910004,109.769997,108.169998,108.660004,108.660004,23581700
4/11/2016,108.970001,110.610001,108.830002,109.019997,109.019997,29407500
4/12/2016,109.339996,110.5,108.660004,110.440002,110.440002,27232300
4/13/2016,110.800003,112.339996,110.800003,112.040001,112.040001,33257300
4/14/2016,111.620003,112.389999,111.330002,112.099998,112.099998,25473900
4/15/2016,112.110001,112.300003,109.730003,109.849998,109.849998,46939000
4/18/2016,108.889999,108.949997,106.940002,107.480003,107.480003,60834000
4/19/2016,107.879997,108,106.230003,106.910004,106.910004,32384900
4/20/2016,106.639999,108.089996,106.059998,107.129997,107.129997,30611000
4/21/2016,106.93,106.93,105.519997,105.970001,105.970001,31552500
4/22/2016,105.010002,106.480003,104.620003,105.68,105.68,33683100
4/25/2016,105,105.650002,104.510002,105.080002,105.080002,28031600
4/26/2016,103.910004,105.300003,103.910004,104.349998,104.349998,56016200
4/27/2016,96,98.709999,95.68,97.82,97.82,114602100
4/28/2016,97.610001,97.879997,94.25,94.830002,94.830002,82242700
4/29/2016,93.989998,94.720001,92.510002,93.739998,93.739998,68531500
5/2/2016,93.970001,94.080002,92.400002,93.639999,93.639999,48160100
5/3/2016,94.199997,95.739998,93.68,95.18,95.18,56831300
5/4/2016,95.199997,95.900002,93.82,94.190002,94.190002,41025500
5/5/2016,94,94.07,92.68,93.239998,93.239998,35890500
5/6/2016,93.370003,93.449997,91.849998,92.720001,92.720001,43458200
5/9/2016,93,93.769997,92.589996,92.790001,92.790001,32936400
5/10/2016,93.330002,93.57,92.110001,93.419998,93.419998,33686800
5/11/2016,93.480003,93.57,92.459999,92.510002,92.510002,28719100
5/12/2016,92.720001,92.779999,89.470001,90.339996,90.339996,76314700
5/13/2016,90,91.669998,90,90.519997,90.519997,44392800
5/16/2016,92.389999,94.389999,91.650002,93.879997,93.879997,61259800
5/17/2016,94.550003,94.699997,93.010002,93.489998,93.489998,46916900
5/18/2016,94.160004,95.209999,93.889999,94.559998,94.559998,42062400
5/19/2016,94.639999,94.639999,93.57,94.199997,94.199997,30442100
5/20/2016,94.639999,95.43,94.519997,95.220001,95.220001,32026000
5/23/2016,95.870003,97.190002,95.669998,96.43,96.43,38018600
5/24/2016,97.220001,98.089996,96.839996,97.900002,97.900002,35140200
5/25/2016,98.669998,99.739998,98.110001,99.620003,99.620003,38168800
5/26/2016,99.68,100.730003,98.639999,100.410004,100.410004,56331200
5/27/2016,99.440002,100.470001,99.25,100.349998,100.349998,36229500
5/31/2016,99.599998,100.400002,98.82,99.860001,99.860001,42307200
6/1/2016,99.019997,99.540001,98.330002,98.459999,98.459999,29173300
,,,,,,
,,,,,,
,,,,,,
,,,,,,
,,,,,,
,,,,,,
,,,,,,
,,,,,,
,,,,,,
,,,,,,
,,,,,,
,,,,,,
,,,,,,
,,,,,,
,,,,,,
,,,,,,
,,,,,,
,,,,,,
,,,,,,
,,,,,,
,,,,,,
,,,,,,
,,,,,,
,,,,,,
,,,,,,
,,,,,,
,,,,,,
,,,,,,
,,,,,,
,,,,,,
,,,,,,
,,,,,,
,,,,,,
,,,,,,
,,,,,,
,,,,,,
,,,,,,
,,,,,,
,,,,,,
,,,,,,
,,,,,,
,,,,,,
,,,,,,
,,,,,,
,,,,,,
,,,,,,
,,,,,,
,,,,,,
,,,,,,
,,,,,,
,,,,,,
,,,,,,
,,,,,,
,,,,,,
,,,,,,
,,,,,,
,,,,,,
,,,,,,
,,,,,,
,,,,,,
,,,,,,
,,,,,,
,,,,,,
,,,,,,
,,,,,,
,,,,,,
,,,,,,
,,,,,,
,,,,,,
,,,,,,
,,,,,,
,,,,,,
,,,,,,
,,,,,,
,,,,,,
,,,,,,
,,,,,,
,,,,,,
,,,,,,
,,,,,,
,,,,,,
,,,,,,
,,,,,,
,,,,,,
,,,,,,
,,,,,,
,,,,,,
,,,,,,
,,,,,,
,,,,,,
,,,,,,
,,,,,,
,,,,,,
,,,,,,
,,,,,,
,,,,,,
,,,,,,
,,,,,,
,,,,,,
,,,,,,
,,,,,,
,,,,,,
,,,,,,
,,,,,,
,,,,,,
,,,,,,
,,,,,,
,,,,,,
,,,,,,
,,,,,,
,,,,,,
,,,,,,
,,,,,,
,,,,,,
,,,,,,
,,,,,,
,,,,,,
,,,,,,
,,,,,,
,,,,,,
,,,,,,
,,,,,,
,,,,,,
,,,,,,
,,,,,,
,,,,,,
,,,,,,
,,,,,,
,,,,,,
,,,,,,
,,,,,,
,,,,,,
,,,,,,
,,,,,,
,,,,,,
,,,,,,
,,,,,,
,,,,,,
,,,,,,
,,,,,,
,,,,,,
,,,,,,
,,,,,,
,,,,,,
,,,,,,
,,,,,,
,,,,,,
,,,,,,
,,,,,,
,,,,,,
,,,,,,
,,,,,,
,,,,,,
,,,,,,
,,,,,,
,,,,,,
,,,,,,
,,,,,,
,,,,,,
,,,,,,
,,,,,,
,,,,,,
,,,,,,
,,,,,,
1/26/2017,121.669998,122.440002,121.599998,121.940002,121.940002,26337600
1/27/2017,122.139999,122.349998,121.599998,121.949997,121.949997,20562900
1/30/2017,120.93,121.629997,120.660004,121.629997,121.629997,30377500
1/31/2017,121.150002,121.389999,120.620003,121.349998,121.349998,49201000
2/1/2017,127.029999,130.490005,127.010002,128.75,128.75,111985000
2/2/2017,127.980003,129.389999,127.779999,128.529999,128.529999,33710400
2/3/2017,128.309998,129.190002,128.160004,129.080002,129.080002,24507300
2/6/2017,129.130005,130.5,128.899994,130.289993,130.289993,26845900
2/7/2017,130.539993,132.089996,130.449997,131.529999,131.529999,38183800
2/8/2017,131.350006,132.220001,131.220001,132.039993,132.039993,23004100
2/9/2017,131.649994,132.449997,131.119995,132.419998,132.419998,28349900
2/10/2017,132.460007,132.940002,132.050003,132.119995,132.119995,20065500
2/13/2017,133.080002,133.820007,132.75,133.289993,133.289993,23035400
2/14/2017,133.470001,135.089996,133.25,135.020004,135.020004,33226200
2/15/2017,135.520004,136.270004,134.619995,135.509995,135.509995,35623100
2/16/2017,135.669998,135.899994,134.839996,135.350006,135.350006,22584600
2/17/2017,135.100006,135.830002,135.100006,135.720001,135.720001,22198200
2/21/2017,136.229996,136.75,135.979996,136.699997,136.699997,24507200
2/22/2017,136.429993,137.119995,136.110001,137.110001,137.110001,20836900
2/23/2017,137.380005,137.479996,136.300003,136.529999,136.529999,20788200
2/24/2017,135.910004,136.660004,135.279999,136.660004,136.660004,21776600
2/27/2017,137.139999,137.440002,136.279999,136.929993,136.929993,20257400
2/28/2017,137.080002,137.440002,136.699997,136.990005,136.990005,23482900
3/1/2017,137.889999,140.149994,137.600006,139.789993,139.789993,36414600
3/2/2017,140,140.279999,138.759995,138.960007,138.960007,26211000
3/3/2017,138.779999,139.830002,138.589996,139.779999,139.779999,21108100
3/6/2017,139.369995,139.770004,138.600006,139.339996,139.339996,21750000
3/7/2017,139.059998,139.979996,138.789993,139.520004,139.520004,17446300
3/8/2017,138.949997,139.800003,138.820007,139,139,18707200
3/9/2017,138.740005,138.789993,137.050003,138.679993,138.679993,22155900
3/10/2017,139.25,139.360001,138.639999,139.139999,139.139999,19612800
3/13/2017,138.850006,139.429993,138.820007,139.199997,139.199997,17421700
3/14/2017,139.300003,139.649994,138.839996,138.990005,138.990005,15309100
3/15/2017,139.410004,140.75,139.029999,140.460007,140.460007,25691800
3/16/2017,140.720001,141.020004,140.259995,140.690002,140.690002,19232000
3/17/2017,141,141,139.889999,139.990005,139.990005,43885000
3/20/2017,140.399994,141.5,140.229996,141.460007,141.460007,21542000
3/21/2017,142.110001,142.800003,139.729996,139.839996,139.839996,39529900
3/22/2017,139.850006,141.600006,139.759995,141.419998,141.419998,25860200
3/23/2017,141.259995,141.580002,140.610001,140.919998,140.919998,20346300
3/24/2017,141.5,141.740005,140.350006,140.639999,140.639999,22395600
3/27/2017,139.389999,141.220001,138.619995,140.880005,140.880005,23575100
3/28/2017,140.910004,144.039993,140.619995,143.800003,143.800003,33374800
3/29/2017,143.679993,144.490005,143.190002,144.119995,144.119995,29190000
3/30/2017,144.190002,144.5,143.5,143.929993,143.929993,21207300
3/31/2017,143.720001,144.270004,143.009995,143.660004,143.660004,19661700
4/3/2017,143.710007,144.119995,143.050003,143.699997,143.699997,19985700
4/4/2017,143.25,144.889999,143.169998,144.770004,144.770004,19891400
4/5/2017,144.220001,145.460007,143.809998,144.020004,144.020004,27717900
4/6/2017,144.289993,144.520004,143.449997,143.660004,143.660004,21149000
4/7/2017,143.729996,144.179993,143.270004,143.339996,143.339996,16672200
4/10/2017,143.600006,143.880005,142.899994,143.169998,143.169998,18933400
4/11/2017,142.940002,143.350006,140.059998,141.630005,141.630005,30379400
4/12/2017,141.600006,142.149994,141.009995,141.800003,141.800003,20350000
4/13/2017,141.910004,142.380005,141.050003,141.050003,141.050003,17822900
4/17/2017,141.479996,141.880005,140.869995,141.830002,141.830002,16582100
4/18/2017,141.410004,142.039993,141.110001,141.199997,141.199997,14697500
4/19/2017,141.880005,142,140.449997,140.679993,140.679993,17328400
4/20/2017,141.220001,142.919998,141.160004,142.440002,142.440002,23319600
4/21/2017,142.440002,142.679993,141.850006,142.270004,142.270004,17320900
4/24/2017,143.5,143.949997,143.179993,143.639999,143.639999,17134300
4/25/2017,143.910004,144.899994,143.869995,144.529999,144.529999,18871500
4/26/2017,144.470001,144.600006,143.380005,143.679993,143.679993,20041200
4/27/2017,143.919998,144.160004,143.309998,143.789993,143.789993,14246300
4/28/2017,144.089996,144.300003,143.270004,143.649994,143.649994,20860400
5/1/2017,145.100006,147.199997,144.960007,146.580002,146.580002,33602900
5/2/2017,147.539993,148.089996,146.839996,147.509995,147.509995,45352200
5/3/2017,145.589996,147.490005,144.270004,147.059998,147.059998,45697000
5/4/2017,146.520004,147.139999,145.809998,146.529999,146.529999,23371900
5/5/2017,146.759995,148.979996,146.759995,148.960007,148.960007,27327700
